env_type,planning_steps,planning_percentage,planning_mode,n_seeds_all,seeds_all,reward_mean_all,reward_std_all,episode_length_mean_all,episode_length_std_all,n_seeds_ratio,seeds_ratio,reward_per_step_mean,reward_per_step_std
BigFish,5,0.05,random,10,"0,1,2,3,4,5,6,7,8,9",0.8,0.9797958971132713,118.8,68.48620299009136,10,"0,1,2,3,4,5,6,7,8,9",0.005702140278977257,0.008186265638924618
BigFish,5,0.1,random,10,"0,1,2,3,4,5,6,7,8,9",0.6,0.9165151389911681,125.3,77.36026111641557,10,"0,1,2,3,4,5,6,7,8,9",0.004651265057363896,0.00816790911534425
BigFish,5,0.2,random,10,"0,1,2,3,4,5,6,7,8,9",0.6,0.9165151389911681,121.8,65.89810315934746,10,"0,1,2,3,4,5,6,7,8,9",0.005023712148725966,0.008343469756021024
BigFish,5,0.5,random,10,"0,1,2,3,4,5,6,7,8,9",0.2,0.4000000000000001,118.8,89.08512782726419,10,"0,1,2,3,4,5,6,7,8,9",0.0019569288389513105,0.003967309235007312
BossFight,5,0.05,random,10,"0,1,2,3,4,5,6,7,8,9",0.0,0.0,50.1,36.519720699917734,10,"0,1,2,3,4,5,6,7,8,9",0.0,0.0
BossFight,5,0.1,random,10,"0,1,2,3,4,5,6,7,8,9",0.0,0.0,42.1,26.37593600234881,10,"0,1,2,3,4,5,6,7,8,9",0.0,0.0
BossFight,5,0.2,random,10,"0,1,2,3,4,5,6,7,8,9",0.0,0.0,47.7,33.16338342208165,10,"0,1,2,3,4,5,6,7,8,9",0.0,0.0
BossFight,5,0.5,random,10,"0,1,2,3,4,5,6,7,8,9",0.0,0.0,77.7,133.955253723025,10,"0,1,2,3,4,5,6,7,8,9",0.0,0.0
CaveFlyer,5,0.05,random,10,"0,1,2,3,4,5,6,7,8,9",0.0,0.0,822.4,358.060385968624,10,"0,1,2,3,4,5,6,7,8,9",0.0,0.0
CaveFlyer,5,0.1,random,10,"0,1,2,3,4,5,6,7,8,9",1.0,3.0,736.2,408.30498404991334,10,"0,1,2,3,4,5,6,7,8,9",0.0034722222222222225,0.010416666666666668
CaveFlyer,5,0.2,random,10,"0,1,2,3,4,5,6,7,8,9",2.0,4.0,771.8,361.0032686832627,10,"0,1,2,3,4,5,6,7,8,9",0.005892059470631376,0.012073504244027252
CaveFlyer,5,0.5,random,10,"0,1,2,3,4,5,6,7,8,9",1.0,3.0,663.2,417.965022460014,10,"0,1,2,3,4,5,6,7,8,9",0.003215434083601286,0.009646302250803858
Chaser,5,0.05,random,10,"0,1,2,3,4,5,6,7,8,9",0.3959999784827232,0.2223151013884676,96.6,25.393700006103874,10,"0,1,2,3,4,5,6,7,8,9",0.0039871756031527,0.0018046791706783972
Chaser,5,0.1,random,10,"0,1,2,3,4,5,6,7,8,9",0.4079999789595604,0.22613272111910845,96.3,25.04416099612842,10,"0,1,2,3,4,5,6,7,8,9",0.00409968272227644,0.0017961830819729144
Chaser,5,0.2,random,10,"0,1,2,3,4,5,6,7,8,9",0.4159999810159206,0.22428555070172654,96.6,25.393700006103874,10,"0,1,2,3,4,5,6,7,8,9",0.004180481597243603,0.0017466316607702844
Chaser,5,0.5,random,10,"0,1,2,3,4,5,6,7,8,9",0.47599999234080315,0.23423068319336643,118.3,42.17594100906345,10,"0,1,2,3,4,5,6,7,8,9",0.003890250403114233,0.0012723219100756016
Climber,5,0.05,random,10,"0,1,2,3,4,5,6,7,8,9",1.2,3.2802438933713454,854.2,293.09002030093075,10,"0,1,2,3,4,5,6,7,8,9",0.0033640949554896147,0.009763504694267157
Climber,5,0.1,random,10,"0,1,2,3,4,5,6,7,8,9",2.5,4.522167621838006,747.8,336.8257116076503,10,"0,1,2,3,4,5,6,7,8,9",0.006428332274147746,0.01270878366353992
Climber,5,0.2,random,10,"0,1,2,3,4,5,6,7,8,9",2.4,4.565084884205331,716.8,362.516151364322,10,"0,1,2,3,4,5,6,7,8,9",0.006347334754797441,0.013198373897062873
Climber,5,0.5,random,10,"0,1,2,3,4,5,6,7,8,9",1.3,3.2572994949804657,858.7,284.7174213145377,10,"0,1,2,3,4,5,6,7,8,9",0.0031649595687331536,0.008837017787155763
CoinRun,5,0.05,random,10,"0,1,2,3,4,5,6,7,8,9",4.0,4.898979485566356,205.7,87.76907200147441,10,"0,1,2,3,4,5,6,7,8,9",0.018084518696347793,0.022743624292916445
CoinRun,5,0.1,random,10,"0,1,2,3,4,5,6,7,8,9",5.0,5.0,132.6,106.2385993883579,10,"0,1,2,3,4,5,6,7,8,9",0.07616174709936233,0.13900548270156632
CoinRun,5,0.2,random,10,"0,1,2,3,4,5,6,7,8,9",4.0,4.898979485566356,75.2,39.11214645094283,10,"0,1,2,3,4,5,6,7,8,9",0.07941859670697547,0.14082159736062408
CoinRun,5,0.5,random,10,"0,1,2,3,4,5,6,7,8,9",4.0,4.898979485566356,110.2,68.0952274392266,10,"0,1,2,3,4,5,6,7,8,9",0.07111951432834285,0.13438666175949446
Dodgeball,5,0.05,random,10,"0,1,2,3,4,5,6,7,8,9",0.0,0.0,175.1,319.3353879544201,10,"0,1,2,3,4,5,6,7,8,9",0.0,0.0
Dodgeball,5,0.1,random,10,"0,1,2,3,4,5,6,7,8,9",0.0,0.0,202.2,372.10423270906233,10,"0,1,2,3,4,5,6,7,8,9",0.0,0.0
Dodgeball,5,0.2,random,10,"0,1,2,3,4,5,6,7,8,9",0.0,0.0,174.6,317.81038371960096,10,"0,1,2,3,4,5,6,7,8,9",0.0,0.0
Dodgeball,5,0.5,random,10,"0,1,2,3,4,5,6,7,8,9",0.6,1.2806248474865698,217.6,391.9885712619693,10,"0,1,2,3,4,5,6,7,8,9",0.0006000000000000001,0.0012806248474865698
FruitBot,5,0.05,random,10,"0,1,2,3,4,5,6,7,8,9",-0.7,3.3481338085566414,90.5,35.52815784698103,10,"0,1,2,3,4,5,6,7,8,9",-0.015841422170097416,0.048781038027335036
FruitBot,5,0.1,random,10,"0,1,2,3,4,5,6,7,8,9",-1.3,3.1320919526731648,75.6,14.833745312630928,10,"0,1,2,3,4,5,6,7,8,9",-0.017650519978106183,0.04231844770915061
FruitBot,5,0.2,random,10,"0,1,2,3,4,5,6,7,8,9",-3.6,5.276362383309168,79.0,19.483326204732087,10,"0,1,2,3,4,5,6,7,8,9",-0.04256864955782784,0.05488175506204216
FruitBot,5,0.5,random,10,"0,1,2,3,4,5,6,7,8,9",-2.2,4.874423042781577,74.6,15.107613974417005,10,"0,1,2,3,4,5,6,7,8,9",-0.032599117479895176,0.06305333128237332
Heist,5,0.05,random,10,"0,1,2,3,4,5,6,7,8,9",1.0,3.0,913.0,261.0,10,"0,1,2,3,4,5,6,7,8,9",0.007692307692307693,0.023076923076923075
Heist,5,0.1,random,10,"0,1,2,3,4,5,6,7,8,9",2.0,4.0,833.0,334.00748494607126,10,"0,1,2,3,4,5,6,7,8,9",0.01213235294117647,0.024278627913380965
Heist,5,0.2,random,10,"0,1,2,3,4,5,6,7,8,9",1.0,3.0,938.9,183.3,10,"0,1,2,3,4,5,6,7,8,9",0.0025706940874035992,0.007712082262210798
Heist,5,0.5,random,10,"0,1,2,3,4,5,6,7,8,9",1.0,3.0,907.2,278.4,10,"0,1,2,3,4,5,6,7,8,9",0.01388888888888889,0.04166666666666667
Jumper,5,0.05,random,10,"0,1,2,3,4,5,6,7,8,9",4.0,4.898979485566356,462.4,445.81031840907406,10,"0,1,2,3,4,5,6,7,8,9",0.15703163618388533,0.368654047777172
Jumper,5,0.1,random,10,"0,1,2,3,4,5,6,7,8,9",4.0,4.898979485566356,297.8,373.77073186647453,10,"0,1,2,3,4,5,6,7,8,9",0.16936850738108256,0.3665665386169067
Jumper,5,0.2,random,10,"0,1,2,3,4,5,6,7,8,9",4.0,4.898979485566356,475.8,425.541725333721,10,"0,1,2,3,4,5,6,7,8,9",0.15724477377315196,0.3704680448120658
Jumper,5,0.5,random,10,"0,1,2,3,4,5,6,7,8,9",2.0,4.0,324.6,390.647718539351,10,"0,1,2,3,4,5,6,7,8,9",0.137987012987013,0.37268781749632
Leaper,5,0.05,random,10,"0,1,2,3,4,5,6,7,8,9",3.0,4.58257569495584,111.8,64.9073185395915,10,"0,1,2,3,4,5,6,7,8,9",0.03508442526898903,0.05745902534326901
Leaper,5,0.1,random,10,"0,1,2,3,4,5,6,7,8,9",3.0,4.58257569495584,145.2,65.13340156939448,10,"0,1,2,3,4,5,6,7,8,9",0.03040570540570541,0.04899547296394807
Leaper,5,0.2,random,10,"0,1,2,3,4,5,6,7,8,9",3.0,4.58257569495584,212.5,145.85900726386424,10,"0,1,2,3,4,5,6,7,8,9",0.03946137033280201,0.09252392531678864
Leaper,5,0.5,random,10,"0,1,2,3,4,5,6,7,8,9",4.0,4.898979485566356,97.8,54.519354361547606,10,"0,1,2,3,4,5,6,7,8,9",0.03136648976405519,0.03922438507678129
Maze,5,0.05,random,10,"0,1,2,3,4,5,6,7,8,9",2.0,4.0,427.6,154.27002301160132,10,"0,1,2,3,4,5,6,7,8,9",0.056522629531026006,0.15702683249137694
Maze,5,0.1,random,10,"0,1,2,3,4,5,6,7,8,9",2.0,4.0,410.7,178.883230069227,10,"0,1,2,3,4,5,6,7,8,9",0.045415959252971136,0.1003719076607497
Maze,5,0.2,random,10,"0,1,2,3,4,5,6,7,8,9",2.0,4.0,407.6,184.80216448948863,10,"0,1,2,3,4,5,6,7,8,9",0.05277777777777778,0.10573814617041266
Maze,5,0.5,random,10,"0,1,2,3,4,5,6,7,8,9",2.0,4.0,401.3,197.40012664636262,10,"0,1,2,3,4,5,6,7,8,9",0.30952380952380953,0.6213327786047567
Miner,5,0.05,random,10,"0,1,2,3,4,5,6,7,8,9",0.3,0.45825756949558405,606.1,482.4534070767871,10,"0,1,2,3,4,5,6,7,8,9",0.004366666666666666,0.012439587345781745
Miner,5,0.1,random,10,"0,1,2,3,4,5,6,7,8,9",0.5,0.6708203932499369,802.9,394.22289380501485,10,"0,1,2,3,4,5,6,7,8,9",0.0005,0.000670820393249937
Miner,5,0.2,random,10,"0,1,2,3,4,5,6,7,8,9",0.4,0.66332495807108,704.4,451.5564638004864,10,"0,1,2,3,4,5,6,7,8,9",0.0004,0.00066332495807108
Miner,5,0.5,random,10,"0,1,2,3,4,5,6,7,8,9",0.6,0.8,503.1,372.0705443864107,10,"0,1,2,3,4,5,6,7,8,9",0.0012351936432141938,0.0017572402989684988
Ninja,5,0.05,random,10,"0,1,2,3,4,5,6,7,8,9",1.0,3.0,475.6,253.45500586889185,10,"0,1,2,3,4,5,6,7,8,9",0.0012919896640826872,0.003875968992248062
Ninja,5,0.1,random,10,"0,1,2,3,4,5,6,7,8,9",2.0,4.0,418.9,241.54935313513056,10,"0,1,2,3,4,5,6,7,8,9",0.011494632535094963,0.022989739642206262
Ninja,5,0.2,random,10,"0,1,2,3,4,5,6,7,8,9",2.0,4.0,380.9,278.9600150559216,10,"0,1,2,3,4,5,6,7,8,9",0.008810743673342648,0.017621701078036595
Ninja,5,0.5,random,10,"0,1,2,3,4,5,6,7,8,9",2.0,4.0,373.9,290.37784006359715,10,"0,1,2,3,4,5,6,7,8,9",0.010309532618078678,0.02152438367511856
Plunder,5,0.05,random,10,"0,1,2,3,4,5,6,7,8,9",0.7,0.6403124237432849,598.1,65.88694863172827,10,"0,1,2,3,4,5,6,7,8,9",0.0011730748668391596,0.0010453471853337883
Plunder,5,0.1,random,10,"0,1,2,3,4,5,6,7,8,9",1.7,1.0049875621120892,618.2,54.019996297667404,10,"0,1,2,3,4,5,6,7,8,9",0.002713211164708099,0.0014768450082919995
Plunder,5,0.2,random,10,"0,1,2,3,4,5,6,7,8,9",2.1,1.445683229480096,581.5,125.85646586488912,10,"0,1,2,3,4,5,6,7,8,9",0.0033320271945619234,0.00197622458179803
Plunder,5,0.5,random,10,"0,1,2,3,4,5,6,7,8,9",4.0,1.8439088914585775,502.7,112.09553960796121,10,"0,1,2,3,4,5,6,7,8,9",0.007543932872695273,0.0027930766536796276
StarPilot,5,0.05,random,10,"0,1,2,3,4,5,6,7,8,9",0.7,1.268857754044952,60.5,16.33554406807438,10,"0,1,2,3,4,5,6,7,8,9",0.009196964017991005,0.015226113612090711
StarPilot,5,0.1,random,10,"0,1,2,3,4,5,6,7,8,9",0.8,1.2489995996796797,64.4,18.451016232175395,10,"0,1,2,3,4,5,6,7,8,9",0.009699118346783598,0.014860088547990305
StarPilot,5,0.2,random,10,"0,1,2,3,4,5,6,7,8,9",0.7,0.9,60.8,17.514565367145142,10,"0,1,2,3,4,5,6,7,8,9",0.010179135030887052,0.013003460684944602
StarPilot,5,0.5,random,10,"0,1,2,3,4,5,6,7,8,9",1.6,2.0099751242241783,75.8,42.602347353168234,10,"0,1,2,3,4,5,6,7,8,9",0.016592892365006308,0.018131200879526944
