run_id,run_name,env_type,seed,episode_length,final_reward,reward_per_step
gzg68jzc,BigFish_0_roll_0_inner_0_pct_1_max_value_seed_0_time_2026-03-31_01-53-18,BigFish,0,247.0,1.0,0.004048582995951417
hiybudhv,BigFish_0_roll_0_inner_0_pct_1_max_value_seed_1_time_2026-03-31_01-53-27,BigFish,1,47.0,0.0,0.0
pqs3lt1l,BigFish_0_roll_0_inner_0_pct_1_max_value_seed_2_time_2026-03-31_01-53-35,BigFish,2,57.0,0.0,0.0
ro7hvqvr,BigFish_0_roll_0_inner_0_pct_1_max_value_seed_3_time_2026-03-31_01-53-43,BigFish,3,85.0,0.0,0.0
zrwkr7g7,BigFish_0_roll_0_inner_0_pct_1_max_value_seed_4_time_2026-03-31_01-53-51,BigFish,4,219.0,0.0,0.0
1dnuo82i,BigFish_0_roll_0_inner_0_pct_1_max_value_seed_5_time_2026-03-31_01-53-59,BigFish,5,114.0,3.0,0.02631578947368421
w6q0hxq2,BigFish_0_roll_0_inner_0_pct_1_max_value_seed_6_time_2026-03-31_01-54-07,BigFish,6,361.0,1.0,0.002770083102493075
bcj93fgm,BigFish_0_roll_0_inner_0_pct_1_max_value_seed_7_time_2026-03-31_01-54-15,BigFish,7,67.0,0.0,0.0
5zksaxav,BigFish_0_roll_0_inner_0_pct_1_max_value_seed_8_time_2026-03-31_01-54-23,BigFish,8,70.0,0.0,0.0
ytmaug1h,BigFish_0_roll_0_inner_0_pct_1_max_value_seed_9_time_2026-03-31_01-54-31,BigFish,9,142.0,2.0,0.014084507042253521
wpyfi0dn,BossFight_0_roll_0_inner_0_pct_1_max_value_seed_0_time_2026-03-31_02-01-31,BossFight,0,31.0,0.0,0.0
3lydkuij,BossFight_0_roll_0_inner_0_pct_1_max_value_seed_1_time_2026-03-31_02-01-39,BossFight,1,27.0,0.0,0.0
wtmd94tg,BossFight_0_roll_0_inner_0_pct_1_max_value_seed_2_time_2026-03-31_02-01-46,BossFight,2,22.0,0.0,0.0
6miq1qbb,BossFight_0_roll_0_inner_0_pct_1_max_value_seed_3_time_2026-03-31_02-01-54,BossFight,3,33.0,0.0,0.0
wttty8j7,BossFight_0_roll_0_inner_0_pct_1_max_value_seed_4_time_2026-03-31_02-02-02,BossFight,4,29.0,0.0,0.0
e03yozo2,BossFight_0_roll_0_inner_0_pct_1_max_value_seed_5_time_2026-03-31_02-02-10,BossFight,5,44.0,0.0,0.0
q9kopcd2,BossFight_0_roll_0_inner_0_pct_1_max_value_seed_6_time_2026-03-31_02-02-18,BossFight,6,67.0,0.0,0.0
93nqn3zv,BossFight_0_roll_0_inner_0_pct_1_max_value_seed_7_time_2026-03-31_02-02-25,BossFight,7,34.0,0.0,0.0
e1m3zsny,BossFight_0_roll_0_inner_0_pct_1_max_value_seed_8_time_2026-03-31_02-02-33,BossFight,8,28.0,0.0,0.0
ivoh54aa,BossFight_0_roll_0_inner_0_pct_1_max_value_seed_9_time_2026-03-31_02-02-40,BossFight,9,5.0,0.0,0.0
9blk2l21,CaveFlyer_0_roll_0_inner_0_pct_1_max_value_seed_0_time_2026-03-31_01-41-21,CaveFlyer,0,1000.0,0.0,0.0
se4lppzs,CaveFlyer_0_roll_0_inner_0_pct_1_max_value_seed_1_time_2026-03-31_01-41-33,CaveFlyer,1,1000.0,0.0,0.0
hvqvvg8d,CaveFlyer_0_roll_0_inner_0_pct_1_max_value_seed_2_time_2026-03-31_01-41-44,CaveFlyer,2,1000.0,0.0,0.0
91t5nil5,CaveFlyer_0_roll_0_inner_0_pct_1_max_value_seed_3_time_2026-03-31_01-41-56,CaveFlyer,3,567.0,10.0,0.01763668430335097
hfg0kzhn,CaveFlyer_0_roll_0_inner_0_pct_1_max_value_seed_4_time_2026-03-31_01-42-05,CaveFlyer,4,204.0,0.0,0.0
aarsfj6j,CaveFlyer_0_roll_0_inner_0_pct_1_max_value_seed_5_time_2026-03-31_01-42-13,CaveFlyer,5,385.0,0.0,0.0
vtagqsyh,CaveFlyer_0_roll_0_inner_0_pct_1_max_value_seed_6_time_2026-03-31_01-42-22,CaveFlyer,6,11.0,0.0,0.0
m7svmo30,CaveFlyer_0_roll_0_inner_0_pct_1_max_value_seed_7_time_2026-03-31_01-42-30,CaveFlyer,7,1000.0,0.0,0.0
hhs2207i,CaveFlyer_0_roll_0_inner_0_pct_1_max_value_seed_8_time_2026-03-31_01-42-41,CaveFlyer,8,1000.0,0.0,0.0
v1zkj7sh,CaveFlyer_0_roll_0_inner_0_pct_1_max_value_seed_9_time_2026-03-31_01-42-53,CaveFlyer,9,1000.0,0.0,0.0
rvndipi8,Chaser_0_roll_0_inner_0_pct_1_max_value_seed_0_time_2026-03-31_01-45-50,Chaser,0,128.0,0.23999997973442078,0.0018749998416751623
5j0tqiaa,Chaser_0_roll_0_inner_0_pct_1_max_value_seed_1_time_2026-03-31_01-45-58,Chaser,1,132.0,0.8400000929832458,0.0063636370680548926
kjo92ou9,Chaser_0_roll_0_inner_0_pct_1_max_value_seed_2_time_2026-03-31_01-46-06,Chaser,2,124.0,0.5199999213218689,0.004193547752595717
k26iq79z,Chaser_0_roll_0_inner_0_pct_1_max_value_seed_3_time_2026-03-31_01-46-14,Chaser,3,100.0,0.559999942779541,0.00559999942779541
9tfecu25,Chaser_0_roll_0_inner_0_pct_1_max_value_seed_4_time_2026-03-31_01-46-22,Chaser,4,104.0,0.2799999713897705,0.002692307417209332
oolcoc4i,Chaser_0_roll_0_inner_0_pct_1_max_value_seed_5_time_2026-03-31_01-46-30,Chaser,5,72.0,0.11999999731779099,0.0016666666294137638
k1a5pnfu,Chaser_0_roll_0_inner_0_pct_1_max_value_seed_6_time_2026-03-31_01-46-37,Chaser,6,68.0,0.3999999463558197,0.005882352152291466
3ahswwwn,Chaser_0_roll_0_inner_0_pct_1_max_value_seed_7_time_2026-03-31_01-46-45,Chaser,7,68.0,0.23999997973442078,0.0035294114666826583
xnyjvooz,Chaser_0_roll_0_inner_0_pct_1_max_value_seed_8_time_2026-03-31_01-46-53,Chaser,8,106.0,0.559999942779541,0.005283018328108877
adzcex96,Chaser_0_roll_0_inner_0_pct_1_max_value_seed_9_time_2026-03-31_01-47-01,Chaser,9,64.0,0.07999999821186066,0.0012499999720603228
qd6l6zhw,Climber_0_roll_0_inner_0_pct_1_max_value_seed_0_time_2026-03-31_01-56-31,Climber,0,1000.0,1.0,0.001
jaykro9o,Climber_0_roll_0_inner_0_pct_1_max_value_seed_1_time_2026-03-31_01-56-42,Climber,1,1000.0,1.0,0.001
ck4lkw93,Climber_0_roll_0_inner_0_pct_1_max_value_seed_2_time_2026-03-31_01-56-54,Climber,2,112.0,11.0,0.09821428571428571
hru2fxhf,Climber_0_roll_0_inner_0_pct_1_max_value_seed_3_time_2026-03-31_01-57-02,Climber,3,1000.0,0.0,0.0
byn8s3dl,Climber_0_roll_0_inner_0_pct_1_max_value_seed_4_time_2026-03-31_01-57-14,Climber,4,67.0,0.0,0.0
977fd42q,Climber_0_roll_0_inner_0_pct_1_max_value_seed_5_time_2026-03-31_01-57-21,Climber,5,1000.0,0.0,0.0
io6fpkaq,Climber_0_roll_0_inner_0_pct_1_max_value_seed_6_time_2026-03-31_01-57-33,Climber,6,1000.0,0.0,0.0
d38rl7i7,Climber_0_roll_0_inner_0_pct_1_max_value_seed_7_time_2026-03-31_01-57-45,Climber,7,1000.0,1.0,0.001
3cm02ru5,Climber_0_roll_0_inner_0_pct_1_max_value_seed_8_time_2026-03-31_01-57-56,Climber,8,1000.0,0.0,0.0
3mq09mka,Climber_0_roll_0_inner_0_pct_1_max_value_seed_9_time_2026-03-31_01-58-08,Climber,9,334.0,12.0,0.03592814371257485
3aulzr3w,CoinRun_0_roll_0_inner_0_pct_1_max_value_seed_0_time_2026-04-01_15-33-10,CoinRun,0,1000.0,0.0,0.0
pgpov5t5,CoinRun_0_roll_0_inner_0_pct_1_max_value_seed_1_time_2026-04-01_15-33-22,CoinRun,1,1000.0,0.0,0.0
nqnz0vn2,CoinRun_0_roll_0_inner_0_pct_1_max_value_seed_2_time_2026-04-01_15-33-34,CoinRun,2,1000.0,0.0,0.0
6ug61815,CoinRun_0_roll_0_inner_0_pct_1_max_value_seed_3_time_2026-04-01_15-33-45,CoinRun,3,1000.0,0.0,0.0
nh19caly,CoinRun_0_roll_0_inner_0_pct_1_max_value_seed_4_time_2026-04-01_15-33-57,CoinRun,4,1000.0,0.0,0.0
hhkh1zgu,CoinRun_0_roll_0_inner_0_pct_1_max_value_seed_5_time_2026-04-01_15-34-09,CoinRun,5,42.0,0.0,0.0
vr8qv3zt,CoinRun_0_roll_0_inner_0_pct_1_max_value_seed_6_time_2026-04-01_15-34-17,CoinRun,6,1000.0,0.0,0.0
rpkio071,CoinRun_0_roll_0_inner_0_pct_1_max_value_seed_7_time_2026-04-01_15-34-28,CoinRun,7,1000.0,0.0,0.0
gb0s1la8,CoinRun_0_roll_0_inner_0_pct_1_max_value_seed_8_time_2026-04-01_15-34-40,CoinRun,8,1000.0,0.0,0.0
783vclcc,CoinRun_0_roll_0_inner_0_pct_1_max_value_seed_9_time_2026-04-01_15-34-52,CoinRun,9,518.0,0.0,0.0
xrhslr6d,Dodgeball_0_roll_0_inner_0_pct_1_max_value_seed_0_time_2026-03-31_01-43-04,Dodgeball,0,733.0,0.0,0.0
rtgw428b,Dodgeball_0_roll_0_inner_0_pct_1_max_value_seed_1_time_2026-03-31_01-43-17,Dodgeball,1,18.0,0.0,0.0
qk1foc32,Dodgeball_0_roll_0_inner_0_pct_1_max_value_seed_2_time_2026-03-31_01-43-25,Dodgeball,2,12.0,0.0,0.0
3iql0kn6,Dodgeball_0_roll_0_inner_0_pct_1_max_value_seed_3_time_2026-03-31_01-43-32,Dodgeball,3,1.0,0.0,0.0
dasjwyqk,Dodgeball_0_roll_0_inner_0_pct_1_max_value_seed_4_time_2026-03-31_01-43-40,Dodgeball,4,89.0,0.0,0.0
mbzsf796,Dodgeball_0_roll_0_inner_0_pct_1_max_value_seed_5_time_2026-03-31_01-43-47,Dodgeball,5,3.0,0.0,0.0
6q9fv0xv,Dodgeball_0_roll_0_inner_0_pct_1_max_value_seed_6_time_2026-03-31_01-43-55,Dodgeball,6,7.0,0.0,0.0
j53ri3dw,Dodgeball_0_roll_0_inner_0_pct_1_max_value_seed_7_time_2026-03-31_01-44-03,Dodgeball,7,886.0,0.0,0.0
j3c3u135,Dodgeball_0_roll_0_inner_0_pct_1_max_value_seed_8_time_2026-03-31_01-44-14,Dodgeball,8,89.0,0.0,0.0
xyj0olgj,Dodgeball_0_roll_0_inner_0_pct_1_max_value_seed_9_time_2026-03-31_01-44-23,Dodgeball,9,3.0,0.0,0.0
p0zd5j7r,FruitBot_0_roll_0_inner_0_pct_1_max_value_seed_0_time_2026-03-31_01-44-30,FruitBot,0,87.0,0.0,0.0
03m4dcp2,FruitBot_0_roll_0_inner_0_pct_1_max_value_seed_1_time_2026-03-31_01-44-38,FruitBot,1,80.0,2.0,0.025
whvgwzh4,FruitBot_0_roll_0_inner_0_pct_1_max_value_seed_2_time_2026-03-31_01-44-46,FruitBot,2,44.0,1.0,0.022727272727272728
10f3ke50,FruitBot_0_roll_0_inner_0_pct_1_max_value_seed_3_time_2026-03-31_01-44-53,FruitBot,3,94.0,5.0,0.05319148936170213
kqir4mu8,FruitBot_0_roll_0_inner_0_pct_1_max_value_seed_4_time_2026-03-31_01-45-01,FruitBot,4,94.0,4.0,0.0425531914893617
2x6gc23r,FruitBot_0_roll_0_inner_0_pct_1_max_value_seed_5_time_2026-03-31_01-45-09,FruitBot,5,58.0,-2.0,-0.034482758620689655
sx99o2ht,FruitBot_0_roll_0_inner_0_pct_1_max_value_seed_6_time_2026-03-31_01-45-17,FruitBot,6,159.0,-7.0,-0.0440251572327044
52c84v6w,FruitBot_0_roll_0_inner_0_pct_1_max_value_seed_7_time_2026-03-31_01-45-25,FruitBot,7,72.0,-16.0,-0.2222222222222222
ytw3belf,FruitBot_0_roll_0_inner_0_pct_1_max_value_seed_8_time_2026-03-31_01-45-34,FruitBot,8,72.0,0.0,0.0
lzzlwzif,FruitBot_0_roll_0_inner_0_pct_1_max_value_seed_9_time_2026-03-31_01-45-41,FruitBot,9,65.0,2.0,0.03076923076923077
jl3jrfem,Heist_0_roll_0_inner_0_pct_1_max_value_seed_0_time_2026-03-31_01-54-38,Heist,0,1000.0,0.0,0.0
6h2jh5g4,Heist_0_roll_0_inner_0_pct_1_max_value_seed_1_time_2026-03-31_01-54-50,Heist,1,1000.0,0.0,0.0
plmudksm,Heist_0_roll_0_inner_0_pct_1_max_value_seed_2_time_2026-03-31_01-55-02,Heist,2,1000.0,0.0,0.0
ikf2ubfz,Heist_0_roll_0_inner_0_pct_1_max_value_seed_3_time_2026-03-31_01-55-14,Heist,3,1000.0,0.0,0.0
5emsgk1h,Heist_0_roll_0_inner_0_pct_1_max_value_seed_4_time_2026-03-31_01-55-26,Heist,4,1000.0,0.0,0.0
ht15fwqg,Heist_0_roll_0_inner_0_pct_1_max_value_seed_5_time_2026-03-31_01-55-37,Heist,5,1000.0,0.0,0.0
g21tomfw,Heist_0_roll_0_inner_0_pct_1_max_value_seed_6_time_2026-03-31_01-55-49,Heist,6,69.0,10.0,0.14492753623188406
vgs68yzk,Heist_0_roll_0_inner_0_pct_1_max_value_seed_7_time_2026-03-31_01-55-57,Heist,7,1000.0,0.0,0.0
umtogsr9,Heist_0_roll_0_inner_0_pct_1_max_value_seed_8_time_2026-03-31_01-56-09,Heist,8,1000.0,0.0,0.0
mzivp3tf,Heist_0_roll_0_inner_0_pct_1_max_value_seed_9_time_2026-03-31_01-56-20,Heist,9,1000.0,0.0,0.0
d7jbsdr7,Jumper_0_roll_0_inner_0_pct_1_max_value_seed_0_time_2026-03-31_01-48-53,Jumper,0,39.0,10.0,0.2564102564102564
7y66nwhx,Jumper_0_roll_0_inner_0_pct_1_max_value_seed_1_time_2026-03-31_01-49-01,Jumper,1,14.0,0.0,0.0
69hste5s,Jumper_0_roll_0_inner_0_pct_1_max_value_seed_2_time_2026-03-31_01-49-09,Jumper,2,195.0,10.0,0.05128205128205128
hdj2e6bb,Jumper_0_roll_0_inner_0_pct_1_max_value_seed_3_time_2026-03-31_01-49-18,Jumper,3,15.0,10.0,0.6666666666666666
hjimbxmt,Jumper_0_roll_0_inner_0_pct_1_max_value_seed_4_time_2026-03-31_01-49-26,Jumper,4,61.0,0.0,0.0
p5qyzn8b,Jumper_0_roll_0_inner_0_pct_1_max_value_seed_5_time_2026-03-31_01-49-34,Jumper,5,1000.0,0.0,0.0
2iknwk05,Jumper_0_roll_0_inner_0_pct_1_max_value_seed_6_time_2026-03-31_01-49-45,Jumper,6,1000.0,0.0,0.0
tgze5kyy,Jumper_0_roll_0_inner_0_pct_1_max_value_seed_7_time_2026-03-31_01-49-56,Jumper,7,1000.0,0.0,0.0
i39n4w7t,Jumper_0_roll_0_inner_0_pct_1_max_value_seed_8_time_2026-03-31_01-50-08,Jumper,8,36.0,10.0,0.2777777777777778
2j2obqch,Jumper_0_roll_0_inner_0_pct_1_max_value_seed_9_time_2026-03-31_01-50-15,Jumper,9,134.0,0.0,0.0
15hfdfku,Leaper_0_roll_0_inner_0_pct_1_max_value_seed_0_time_2026-03-31_01-50-24,Leaper,0,257.0,10.0,0.038910505836575876
u4ho8dcq,Leaper_0_roll_0_inner_0_pct_1_max_value_seed_1_time_2026-03-31_01-50-33,Leaper,1,163.0,0.0,0.0
kebriru1,Leaper_0_roll_0_inner_0_pct_1_max_value_seed_2_time_2026-03-31_01-50-41,Leaper,2,18.0,0.0,0.0
75oanvvr,Leaper_0_roll_0_inner_0_pct_1_max_value_seed_3_time_2026-03-31_01-50-49,Leaper,3,98.0,10.0,0.10204081632653061
4vxloszn,Leaper_0_roll_0_inner_0_pct_1_max_value_seed_4_time_2026-03-31_01-50-57,Leaper,4,382.0,0.0,0.0
fja3gfoj,Leaper_0_roll_0_inner_0_pct_1_max_value_seed_5_time_2026-03-31_01-51-06,Leaper,5,15.0,0.0,0.0
iuez77zi,Leaper_0_roll_0_inner_0_pct_1_max_value_seed_6_time_2026-03-31_01-51-14,Leaper,6,106.0,0.0,0.0
ucrkxzlq,Leaper_0_roll_0_inner_0_pct_1_max_value_seed_7_time_2026-03-31_01-51-21,Leaper,7,248.0,0.0,0.0
mnuktizv,Leaper_0_roll_0_inner_0_pct_1_max_value_seed_8_time_2026-03-31_01-51-30,Leaper,8,62.0,0.0,0.0
jrwipchm,Leaper_0_roll_0_inner_0_pct_1_max_value_seed_9_time_2026-03-31_01-51-38,Leaper,9,182.0,10.0,0.054945054945054944
81hdih75,Maze_0_roll_0_inner_0_pct_1_max_value_seed_0_time_2026-03-31_01-51-46,Maze,0,500.0,0.0,0.0
57vwj226,Maze_0_roll_0_inner_0_pct_1_max_value_seed_1_time_2026-03-31_01-51-56,Maze,1,500.0,0.0,0.0
0wgqhhgs,Maze_0_roll_0_inner_0_pct_1_max_value_seed_2_time_2026-03-31_01-52-05,Maze,2,159.0,10.0,0.06289308176100629
czwemfdx,Maze_0_roll_0_inner_0_pct_1_max_value_seed_3_time_2026-03-31_01-52-14,Maze,3,215.0,10.0,0.046511627906976744
6n223tbq,Maze_0_roll_0_inner_0_pct_1_max_value_seed_4_time_2026-03-31_01-52-22,Maze,4,500.0,0.0,0.0
c1flcx65,Maze_0_roll_0_inner_0_pct_1_max_value_seed_5_time_2026-03-31_01-52-31,Maze,5,500.0,0.0,0.0
ytrvtwvz,Maze_0_roll_0_inner_0_pct_1_max_value_seed_6_time_2026-03-31_01-52-41,Maze,6,500.0,0.0,0.0
k0qbxld9,Maze_0_roll_0_inner_0_pct_1_max_value_seed_7_time_2026-03-31_01-52-50,Maze,7,500.0,0.0,0.0
ulwqruk6,Maze_0_roll_0_inner_0_pct_1_max_value_seed_8_time_2026-03-31_01-52-59,Maze,8,500.0,0.0,0.0
5svg2f61,Maze_0_roll_0_inner_0_pct_1_max_value_seed_9_time_2026-03-31_01-53-09,Maze,9,500.0,0.0,0.0
shdp6ifp,Miner_0_roll_0_inner_0_pct_1_max_value_seed_0_time_2026-03-31_01-47-09,Miner,0,1000.0,2.0,0.002
6wrnyb92,Miner_0_roll_0_inner_0_pct_1_max_value_seed_1_time_2026-03-31_01-47-20,Miner,1,1000.0,0.0,0.0
459c5ws6,Miner_0_roll_0_inner_0_pct_1_max_value_seed_2_time_2026-03-31_01-47-32,Miner,2,1000.0,0.0,0.0
58o1mc2t,Miner_0_roll_0_inner_0_pct_1_max_value_seed_3_time_2026-03-31_01-47-44,Miner,3,1000.0,0.0,0.0
8hmd3p0b,Miner_0_roll_0_inner_0_pct_1_max_value_seed_4_time_2026-03-31_01-47-55,Miner,4,25.0,0.0,0.0
5rexdv8m,Miner_0_roll_0_inner_0_pct_1_max_value_seed_5_time_2026-03-31_01-48-02,Miner,5,1000.0,0.0,0.0
qzpiy1uz,Miner_0_roll_0_inner_0_pct_1_max_value_seed_6_time_2026-03-31_01-48-15,Miner,6,17.0,0.0,0.0
5fe1iu1i,Miner_0_roll_0_inner_0_pct_1_max_value_seed_7_time_2026-03-31_01-48-22,Miner,7,1000.0,1.0,0.001
3smhp50c,Miner_0_roll_0_inner_0_pct_1_max_value_seed_8_time_2026-03-31_01-48-34,Miner,8,1000.0,0.0,0.0
gbi6wvew,Miner_0_roll_0_inner_0_pct_1_max_value_seed_9_time_2026-03-31_01-48-46,Miner,9,21.0,0.0,0.0
875sdb2v,Ninja_0_roll_0_inner_0_pct_1_max_value_seed_0_time_2026-03-31_01-59-58,Ninja,0,413.0,0.0,0.0
1ifndfm8,Ninja_0_roll_0_inner_0_pct_1_max_value_seed_1_time_2026-03-31_02-00-06,Ninja,1,588.0,0.0,0.0
pgds3otc,Ninja_0_roll_0_inner_0_pct_1_max_value_seed_2_time_2026-03-31_02-00-16,Ninja,2,551.0,0.0,0.0
buowgx7l,Ninja_0_roll_0_inner_0_pct_1_max_value_seed_3_time_2026-03-31_02-00-29,Ninja,3,560.0,0.0,0.0
hxp30cyc,Ninja_0_roll_0_inner_0_pct_1_max_value_seed_4_time_2026-03-31_02-00-39,Ninja,4,354.0,0.0,0.0
w9n0dt80,Ninja_0_roll_0_inner_0_pct_1_max_value_seed_5_time_2026-03-31_02-00-48,Ninja,5,187.0,10.0,0.053475935828877004
zv8mjy6p,Ninja_0_roll_0_inner_0_pct_1_max_value_seed_6_time_2026-03-31_02-00-56,Ninja,6,669.0,0.0,0.0
dk0mtm3u,Ninja_0_roll_0_inner_0_pct_1_max_value_seed_7_time_2026-03-31_02-01-07,Ninja,7,104.0,0.0,0.0
8j62y9vg,Ninja_0_roll_0_inner_0_pct_1_max_value_seed_8_time_2026-03-31_02-01-15,Ninja,8,187.0,0.0,0.0
wy0idfof,Ninja_0_roll_0_inner_0_pct_1_max_value_seed_9_time_2026-03-31_02-01-23,Ninja,9,183.0,0.0,0.0
af5qswm4,Plunder_0_roll_0_inner_0_pct_1_max_value_seed_0_time_2026-03-31_01-58-17,Plunder,0,667.0,0.0,0.0
vo65oawn,Plunder_0_roll_0_inner_0_pct_1_max_value_seed_1_time_2026-03-31_01-58-27,Plunder,1,640.0,1.0,0.0015625
tpat52sk,Plunder_0_roll_0_inner_0_pct_1_max_value_seed_2_time_2026-03-31_01-58-37,Plunder,2,587.0,0.0,0.0
wa37na9d,Plunder_0_roll_0_inner_0_pct_1_max_value_seed_3_time_2026-03-31_01-58-47,Plunder,3,627.0,0.0,0.0
3zmc9x0r,Plunder_0_roll_0_inner_0_pct_1_max_value_seed_4_time_2026-03-31_01-58-56,Plunder,4,640.0,1.0,0.0015625
oztpot3k,Plunder_0_roll_0_inner_0_pct_1_max_value_seed_5_time_2026-03-31_01-59-06,Plunder,5,654.0,0.0,0.0
3eg23obr,Plunder_0_roll_0_inner_0_pct_1_max_value_seed_6_time_2026-03-31_01-59-16,Plunder,6,640.0,0.0,0.0
itbytmzv,Plunder_0_roll_0_inner_0_pct_1_max_value_seed_7_time_2026-03-31_01-59-27,Plunder,7,667.0,0.0,0.0
e1hehpbx,Plunder_0_roll_0_inner_0_pct_1_max_value_seed_8_time_2026-03-31_01-59-37,Plunder,8,654.0,0.0,0.0
0s7bmmhy,Plunder_0_roll_0_inner_0_pct_1_max_value_seed_9_time_2026-03-31_01-59-47,Plunder,9,720.0,1.0,0.001388888888888889
98rsfp0z,StarPilot_0_roll_0_inner_0_pct_1_max_value_seed_0_time_2026-03-31_01-40-02,StarPilot,0,80.0,0.0,0.0
6aeg6pjr,StarPilot_0_roll_0_inner_0_pct_1_max_value_seed_1_time_2026-03-31_01-40-10,StarPilot,1,58.0,1.0,0.017241379310344827
4h8g1c4p,StarPilot_0_roll_0_inner_0_pct_1_max_value_seed_2_time_2026-03-31_01-40-17,StarPilot,2,33.0,0.0,0.0
kxofg2u3,StarPilot_0_roll_0_inner_0_pct_1_max_value_seed_3_time_2026-03-31_01-40-25,StarPilot,3,96.0,2.0,0.020833333333333332
5w77f28l,StarPilot_0_roll_0_inner_0_pct_1_max_value_seed_4_time_2026-03-31_01-40-33,StarPilot,4,68.0,0.0,0.0
4gajzyu3,StarPilot_0_roll_0_inner_0_pct_1_max_value_seed_5_time_2026-03-31_01-40-41,StarPilot,5,53.0,0.0,0.0
9xhdt7hp,StarPilot_0_roll_0_inner_0_pct_1_max_value_seed_6_time_2026-03-31_01-40-49,StarPilot,6,44.0,0.0,0.0
8p01a3fe,StarPilot_0_roll_0_inner_0_pct_1_max_value_seed_7_time_2026-03-31_01-40-57,StarPilot,7,59.0,0.0,0.0
r1i9euv3,StarPilot_0_roll_0_inner_0_pct_1_max_value_seed_8_time_2026-03-31_01-41-05,StarPilot,8,52.0,0.0,0.0
qk1ie63r,StarPilot_0_roll_0_inner_0_pct_1_max_value_seed_9_time_2026-03-31_01-41-13,StarPilot,9,63.0,2.0,0.031746031746031744
