mode,planning_steps,threshold,inner_steps,mean,std
reward,0,2.0,0,87.33333333333333,5.90668171555645
reward,0,2.0,1,,
reward,0,2.0,2,,
reward,0,2.0,5,,
reward,0,1.5,0,,
reward,0,1.5,1,,
reward,0,1.5,2,,
reward,0,1.5,5,,
reward,0,1.0,0,,
reward,0,1.0,1,,
reward,0,1.0,2,,
reward,0,1.0,5,,
reward,1,2.0,0,87.0,7.788880963698615
reward,1,2.0,1,87.0,7.788880963698615
reward,1,2.0,2,86.66666666666667,7.542472332656507
reward,1,2.0,5,86.66666666666667,7.542472332656507
reward,1,1.5,0,92.0,2.160246899469287
reward,1,1.5,1,93.0,2.160246899469287
reward,1,1.5,2,93.0,2.8284271247461903
reward,1,1.5,5,92.33333333333333,2.357022603955158
reward,1,1.0,0,81.33333333333333,6.236095644623236
reward,1,1.0,1,82.0,6.48074069840786
reward,1,1.0,2,82.33333333333333,6.79869268479038
reward,1,1.0,5,82.33333333333333,6.79869268479038
reward,2,2.0,0,87.33333333333333,5.185449728701348
reward,2,2.0,1,87.66666666666667,5.436502143433363
reward,2,2.0,2,87.66666666666667,5.436502143433363
reward,2,2.0,5,87.66666666666667,5.436502143433363
reward,2,1.5,0,87.33333333333333,3.2998316455372216
reward,2,1.5,1,87.66666666666667,3.681787005729087
reward,2,1.5,2,87.66666666666667,2.8674417556808756
reward,2,1.5,5,87.66666666666667,3.39934634239519
reward,2,1.0,0,85.66666666666667,5.185449728701348
reward,2,1.0,1,85.66666666666667,4.496912521077347
reward,2,1.0,2,85.33333333333333,4.714045207910316
reward,2,1.0,5,85.66666666666667,4.496912521077347
reward,5,2.0,0,90.66666666666667,3.2998316455372216
reward,5,2.0,1,90.66666666666667,2.494438257849294
reward,5,2.0,2,90.66666666666667,2.494438257849294
reward,5,2.0,5,90.66666666666667,3.2998316455372216
reward,5,1.5,0,95.33333333333333,2.357022603955158
reward,5,1.5,1,95.33333333333333,2.357022603955158
reward,5,1.5,2,95.66666666666667,2.6246692913372702
reward,5,1.5,5,95.33333333333333,2.357022603955158
reward,5,1.0,0,75.66666666666667,10.077477638553983
reward,5,1.0,1,75.33333333333333,9.977753031397176
reward,5,1.0,2,75.33333333333333,9.977753031397176
reward,5,1.0,5,75.33333333333333,9.741092797468305
reward,10,2.0,0,89.66666666666667,4.109609335312651
reward,10,2.0,1,89.0,4.546060565661952
reward,10,2.0,2,89.66666666666667,4.109609335312651
reward,10,2.0,5,89.66666666666667,4.9216076867444665
reward,10,1.5,0,91.66666666666667,3.2998316455372216
reward,10,1.5,1,91.66666666666667,2.494438257849294
reward,10,1.5,2,91.66666666666667,2.8674417556808756
reward,10,1.5,5,92.0,3.265986323710904
reward,10,1.0,0,79.66666666666667,5.185449728701348
reward,10,1.0,1,79.33333333333333,4.714045207910316
reward,10,1.0,2,79.33333333333333,4.714045207910316
reward,10,1.0,5,79.33333333333333,4.714045207910316
reward,15,2.0,0,89.66666666666667,3.858612300930075
reward,15,2.0,1,89.33333333333333,4.0276819911981905
reward,15,2.0,2,89.66666666666667,3.858612300930075
reward,15,2.0,5,89.33333333333333,4.189935029992178
reward,15,1.5,0,87.66666666666667,3.681787005729087
reward,15,1.5,1,87.33333333333333,3.2998316455372216
reward,15,1.5,2,87.33333333333333,2.8674417556808756
reward,15,1.5,5,87.33333333333333,3.681787005729087
reward,15,1.0,0,85.33333333333333,7.586537784494029
reward,15,1.0,1,84.33333333333333,8.379870059984357
reward,15,1.0,2,85.0,8.286535263104035
reward,15,1.0,5,85.0,8.04155872120988
reward,20,2.0,0,88.66666666666667,2.8674417556808756
reward,20,2.0,1,88.33333333333333,2.8674417556808756
reward,20,2.0,2,89.0,2.449489742783178
reward,20,2.0,5,89.0,2.449489742783178
reward,20,1.5,0,88.33333333333333,2.8674417556808756
reward,20,1.5,1,87.66666666666667,3.2998316455372216
reward,20,1.5,2,88.33333333333333,3.39934634239519
reward,20,1.5,5,88.33333333333333,3.681787005729087
reward,20,1.0,0,83.33333333333333,9.285592184789413
reward,20,1.0,1,83.33333333333333,9.285592184789413
reward,20,1.0,2,84.0,9.092121131323903
reward,20,1.0,5,84.33333333333333,8.73053390247253
value,0,2.0,0,87.33333333333333,5.90668171555645
value,0,2.0,1,,
value,0,2.0,2,,
value,0,2.0,5,,
value,0,1.5,0,,
value,0,1.5,1,,
value,0,1.5,2,,
value,0,1.5,5,,
value,0,1.0,0,,
value,0,1.0,1,,
value,0,1.0,2,,
value,0,1.0,5,,
value,1,2.0,0,88.33333333333333,3.0912061651652345
value,1,2.0,1,89.33333333333333,3.858612300930075
value,1,2.0,2,88.66666666666667,3.39934634239519
value,1,2.0,5,89.33333333333333,3.858612300930075
value,1,1.5,0,92.0,3.7416573867739413
value,1,1.5,1,92.33333333333333,3.681787005729087
value,1,1.5,2,91.66666666666667,3.2998316455372216
value,1,1.5,5,92.0,3.265986323710904
value,1,1.0,0,91.33333333333333,3.681787005729087
value,1,1.0,1,91.33333333333333,3.681787005729087
value,1,1.0,2,91.0,3.265986323710904
value,1,1.0,5,91.33333333333333,2.8674417556808756
value,2,2.0,0,84.33333333333333,6.649979114420002
value,2,2.0,1,84.33333333333333,6.649979114420002
value,2,2.0,2,84.0,6.377042156569663
value,2,2.0,5,84.33333333333333,6.599663291074444
value,2,1.5,0,82.33333333333333,2.6246692913372702
value,2,1.5,1,81.66666666666667,3.0912061651652345
value,2,1.5,2,82.0,2.8284271247461903
value,2,1.5,5,82.66666666666667,3.0912061651652345
value,2,1.0,0,87.66666666666667,4.988876515698588
value,2,1.0,1,88.0,5.354126134736337
value,2,1.0,2,88.0,5.354126134736337
value,2,1.0,5,88.0,5.0990195135927845
value,5,2.0,0,90.33333333333333,4.189935029992178
value,5,2.0,1,91.33333333333333,4.189935029992178
value,5,2.0,2,90.66666666666667,4.109609335312651
value,5,2.0,5,90.33333333333333,4.189935029992178
value,5,1.5,0,83.66666666666667,4.496912521077347
value,5,1.5,1,83.33333333333333,4.0276819911981905
value,5,1.5,2,83.66666666666667,3.858612300930075
value,5,1.5,5,83.66666666666667,4.496912521077347
value,5,1.0,0,85.66666666666667,5.2493385826745405
value,5,1.0,1,85.33333333333333,5.436502143433363
value,5,1.0,2,86.0,4.320493798938574
value,5,1.0,5,85.33333333333333,4.784233364802441
value,10,2.0,0,91.66666666666667,3.39934634239519
value,10,2.0,1,92.0,2.943920288775949
value,10,2.0,2,92.0,2.943920288775949
value,10,2.0,5,91.33333333333333,3.0912061651652345
value,10,1.5,0,88.66666666666667,2.494438257849294
value,10,1.5,1,89.0,2.943920288775949
value,10,1.5,2,88.66666666666667,3.2998316455372216
value,10,1.5,5,88.66666666666667,2.8674417556808756
value,10,1.0,0,86.66666666666667,4.496912521077347
value,10,1.0,1,86.0,4.898979485566356
value,10,1.0,2,86.0,4.898979485566356
value,10,1.0,5,86.33333333333333,4.9216076867444665
value,15,2.0,0,88.0,1.632993161855452
value,15,2.0,1,88.0,1.632993161855452
value,15,2.0,2,88.66666666666667,2.0548046676563256
value,15,2.0,5,88.33333333333333,2.0548046676563256
value,15,1.5,0,88.0,5.715476066494082
value,15,1.5,1,88.0,5.715476066494082
value,15,1.5,2,87.66666666666667,5.436502143433363
value,15,1.5,5,88.0,4.96655480858378
value,15,1.0,0,82.33333333333333,2.8674417556808756
value,15,1.0,1,83.0,3.265986323710904
value,15,1.0,2,83.0,3.265986323710904
value,15,1.0,5,82.33333333333333,2.8674417556808756
value,20,2.0,0,89.66666666666667,3.39934634239519
value,20,2.0,1,90.33333333333333,3.0912061651652345
value,20,2.0,2,90.33333333333333,3.858612300930075
value,20,2.0,5,90.33333333333333,3.2998316455372216
value,20,1.5,0,85.0,8.04155872120988
value,20,1.5,1,85.33333333333333,8.178562764256865
value,20,1.5,2,84.66666666666667,7.717224601860151
value,20,1.5,5,84.66666666666667,7.717224601860151
value,20,1.0,0,87.66666666666667,0.9428090415820634
value,20,1.0,1,87.33333333333333,1.247219128924647
value,20,1.0,2,88.0,1.632993161855452
value,20,1.0,5,87.66666666666667,1.247219128924647
